<?xml version="1.0" encoding="UTF-8"?>
<!DOCTYPE suite SYSTEM "http://testng.org/testng-1.0.dtd">
<suite name="Suite">
	<listeners>
		<listener class-name="WishiTests.Listener"></listener>
	</listeners>



	<test name="ChatTests">
		<classes>
			<class name="WishiTests.ChatTests" />
		</classes>
	</test> <!-- Test -->
<test name="SignUpByFacbook">
		<classes>
			<class name="WishiTests.SignUpByFacbook" />
		</classes>
	</test> <!-- Test -->
	<test name="SignUpByFacbookfailes">
		<classes>
			<class name="WishiTests.SignUpByFacbookfailes" />
		</classes>
	</test> <!-- Test -->
	<test name="LoginWithFacbookFailsTests">
		<classes>
			<class name="WishiTests.LoginWithFacbookFailsTests" />
		</classes>
	</test> <!-- Test -->
	<test name="LoginWithFacbookTests">
		<classes>
			<class name="WishiTests.LoginWithFacbookTests" />
		</classes>
	</test> <!-- Test -->
	
	<test name="QwizTests">
		<classes>
			<class name="WishiTests.QwizTests" />
		</classes>
	</test> <!-- Test -->
	<test name="QwizMaleTests">
		<classes>
			<class name="WishiTests.QwizMaleTests" />
		</classes>
	</test> <!-- Test -->
	<test name="QwizSkipedTests">
		<classes>
			<class name="WishiTests.QwizSkipedTests" />
		</classes>
	</test> <!-- Test -->
	<test name="BookingMembershipTests">
		<classes>
			<class name="WishiTests.BookingMembershipTests" />
		</classes>
	</test> <!-- Test -->
	<test name="BookMajorSingleTests">
		<classes>
			<class name="WishiTests.BookMajorSingleTests" />
		</classes>
	</test> <!-- Test -->
	<test name="BookMiniSubTests">
		<classes>
			<class name="WishiTests.BookMiniSubTests" />
		</classes>
	</test> <!-- Test -->
	<test name="BookMajotSubTests">
		<classes>
			<class name="WishiTests.BookMajotSubTests" />
		</classes>
	</test> <!-- Test -->
	<test name="BookMiniSingleTests">
		<classes>
			<class name="WishiTests.BookMiniSingleTests" />
		</classes>
	</test> <!-- Test -->
	<test name="StartHereFemaleTests">
		<classes>
			<class name="WishiTests.StartHereFemaleTests" />
		</classes>
	</test> <!-- Test -->
	<test name="StartHereFluIDTests">
		<classes>
			<class name="WishiTests.StartHereFluIDTests" />
		</classes>
	</test> <!-- Test -->
	<test name="StartHereHelloNoTests">
		<classes>
			<class name="WishiTests.StartHereHelloNoTests" />
		</classes>
	</test> <!-- Test -->
	<test name="StartHereMaleTests">
		<classes>
			<class name="WishiTests.StartHereMaleTests" />
		</classes>
	</test> <!-- Test -->
	<test name="StartHereFFacbookTests">
		<classes>
			<class name="WishiTests.StartHereFFacbookTests" />
		</classes>
	</test> <!-- Test -->
	<test name="BestMatchFemaleTest">
		<classes>
			<class name="WishiTests.BestMatchFemaleTest" />
		</classes>
	</test> <!-- Test -->
	<test name="BestMatchFluIDTest">
		<classes>
			<class name="WishiTests.BestMatchFluIDTest" />
		</classes>
	</test> <!-- Test -->

	<test name="BestMatchHelloNo">
		<classes>
			<class name="WishiTests.BestMatchHelloNo" />
		</classes>
	</test> <!-- Test -->
	<test name="BestMatchMaleTest">
		<classes>
			<class name="WishiTests.BestMatchMaleTest" />
		</classes>
	</test> <!-- Test -->
	<test name="RetakeMatchFamleTest">
		<classes>
			<class name="WishiTests.RetakeMatchFamleTest" />
		</classes>
	</test> <!-- Test -->
	<test name="RetakeMatchMaleTest">
		<classes>
			<class name="WishiTests.RetakeMatchMaleTest" />
		</classes>
	</test> <!-- Test -->
	<test name="RetakeMatchNaturalTest">
		<classes>
			<class name="WishiTests.RetakeMatchNaturalTest" />
		</classes>
	</test> <!-- Test -->

	<test name="BookingsingleTests">
		<classes>
			<class name="WishiTests.BookingsingleTests" />
		</classes>
	</test> <!-- Test -->



	<test name="Login">
		<classes>
			<class name="WishiTests.LoginTest" />
		</classes>
	</test> <!-- Test -->
	<test name="SignUp">
		<classes>
			<class name="WishiTests.SignUpTest" />
		</classes>
	</test> <!-- Test -->





</suite> <!-- Suite -->
