<?xml version="1.0" encoding="UTF-8"?>
<!DOCTYPE suite SYSTEM "http://testng.org/testng-1.0.dtd">
<suite name="Suite">
<listeners>
        <listener class-name="WishiTests.Listener"></listener>
    </listeners>
    
     <test name="StartHereFemaleTests">
    <classes>
      <class name="WishiTests.StartHereFemaleTests"/>
    </classes>
    </test> <!-- Test -->
    <test name="StartHereFluIDTests">
    <classes>
      <class name="WishiTests.StartHereFluIDTests"/>
    </classes>
    </test> <!-- Test -->
    <test name="StartHereHelloNoTests">
    <classes>
      <class name="WishiTests.StartHereHelloNoTests"/>
    </classes>
    </test> <!-- Test -->
    <test name="StartHereMaleTests">
    <classes>
      <class name="WishiTests.StartHereMaleTests"/>
    </classes>
    </test> <!-- Test -->
     <test name="StartHereFFacbookTests">
    <classes>
      <class name="WishiTests.StartHereFFacbookTests"/>
    </classes>
    </test> <!-- Test -->
    <test name="BestMatchFemaleTest">
    <classes>
      <class name="WishiTests.BestMatchFemaleTest"/>
    </classes>
    </test> <!-- Test -->
    <test name="BestMatchFluIDTest">
    <classes>
      <class name="WishiTests.BestMatchFluIDTest"/>
    </classes>
    </test> <!-- Test -->
    
    <test name="BestMatchHelloNo">
    <classes>
      <class name="WishiTests.BestMatchHelloNo"/>
    </classes>
    </test> <!-- Test -->
    <test name="BestMatchMaleTest">
    <classes>
      <class name="WishiTests.BestMatchMaleTest"/>
    </classes>
    </test> <!-- Test -->
    <test name="RetakeMatchFamleTest">
    <classes>
      <class name="WishiTests.RetakeMatchFamleTest"/>
    </classes>
    </test> <!-- Test -->
 <test name="RetakeMatchMaleTest">
    <classes>
      <class name="WishiTests.RetakeMatchMaleTest"/>
    </classes>
    </test> <!-- Test -->
    <test name="RetakeMatchNaturalTest">
    <classes>
      <class name="WishiTests.RetakeMatchNaturalTest"/>
    </classes>
    </test> <!-- Test -->
    
        
    
    
</suite> 
